WDBC;
Id|uint32;Flags|uint32;ModelPath|string;SizeClass|int32;ModelScale|float;BloodLevel|int32;Footprint|int32;FootprintTextureLength|float;FootprintTextureWidth|float;FootprintTextureScale|float;FoleyMaterialID|int32;FootstepShakeSize|int32;DeathThudShakeSize|uint32;SoundData|int32;CollisionWidth|float;CollisionHeight|float
1;10;Creature\Basilisk\Basilisk.mdx;1;1;1;7;18;12;1;0;0;0;1;0,6944;2,083
2;2;Creature\BogBeast\BogBeast.mdx;1;1;1;-1;18;12;1;0;0;0;2;0,6944;2,083
3;2;Creature\Centaur\Centaur.mdx;1;1;1;-1;18;12;1;0;0;0;3;0,6944;2,083
4;2;Creature\CrystalSpider\CrystalSpider.mdx;1;1;1;0;18;12;1;0;0;0;4;0;0
5;2;Creature\DarkHound\DarkHound.mdx;1;1;1;-1;18;12;1;0;0;0;5;0,6111;1,667
6;9;Creature\DragonWhelp\DragonWhelp.mdx;0;1;1;-1;18;12;1;0;0;0;6;0,6944;2,083
8;0;Creature\furbolg\Furbolg.mdx;1;1;1;7;18;12;1;0;0;0;8;0,6944;2,083
9;3;Creature\Ghost\Ghost.mdx;1;1;1;-1;18;12;1;0;0;0;9;0,6944;2,083
10;0;Creature\Gnoll\gnoll.mdx;1;1;1;7;18;12;1;0;0;0;10;0,6944;2,083
11;0;Creature\Grell\Grell.mdx;0;1;1;4;18;12;1;0;0;0;11;0,4722;1,528
12;1;Creature\Harpy\Harpy.mdx;1;1;1;-1;18;12;1;0;0;0;12;0,6944;2,083
13;0;Creature\HUFMCitizenLow\HUFMCitizenLow.mdx;1;1;1;1;18;12;1;0;0;0;13;0,5097;2,031
14;0;Creature\HUFMCitizenMid\HUFMCitizenMid.mdx;1;1;1;1;18;12;1;0;0;0;14;0,5097;2,031
15;0;Creature\HUFMMerchant\HUFMMerchant.mdx;1;1;1;1;18;12;1;0;0;0;15;0,5097;2,031
16;0;Creature\HumanThief\HumanThief.mdx;1;1;1;1;18;12;1;0;0;0;16;0,6944;2,083
17;0;Creature\HUMLBlackSmith\HUMLBlackSmith.mdx;1;1;1;1;18;12;1;0;0;0;17;0,5097;2,031
18;0;Creature\HUMLMagicSmith\HUMLMagicSmith.mdx;1;1;1;1;18;12;1;0;0;0;18;0,5097;2,031
19;0;Creature\HUMLMerchant\HUMLMerchant.mdx;1;1;1;1;18;12;1;0;0;0;19;0,5097;2,031
20;0;Creature\HUMLUpperCitizen\HUMLUpperCitizen.mdx;1;1;1;1;18;12;1;0;0;0;20;0,5097;2,031
21;0;Creature\HUMNGuardBig\HUMNGuardBig.mdx;1;1;1;1;18;12;1;0;0;0;21;0,5097;2,031
22;0;Creature\HUMSCitizenMid\HUMSCitizenMid.mdx;1;1;1;1;18;12;1;0;0;0;22;0,5097;2,031
23;0;Creature\HUMSMerchant\HUMSMerchant.mdx;1;1;1;1;18;12;1;0;0;0;23;0,5097;2,031
24;2;Creature\Infernal\Infernal.mdx;1;1;1;5;18;12;1;0;0;10;24;0;0
25;0;Creature\KeeperOfTheGrove\KeeperOfTheGrove.mdx;1;1;1;6;18;12;1;0;0;0;25;0,6944;2,083
26;0;Creature\Kobold\Kobold.mdx;0;1;1;1;18;12;1;0;0;0;26;0,6944;1,389
27;0;Creature\Kodobeast\KodoBeast.mdx;3;1;1;1;18;12;1;0;1;10;27;0,6944;2,083
28;2;Creature\LavaSpider\LavaSpider.mdx;1;1;1;-1;18;12;1;0;0;0;28;0;0
29;0;Creature\LostOne\LostOne.mdx;1;1;1;4;18;12;1;0;0;0;29;0,6944;2,083
30;2;Creature\MineSpider\MineSpider.mdx;1;1;2;-1;18;12;1;0;0;0;30;0,6944;2,083
31;0;Creature\Murloc\Murloc.mdx;1;1;1;4;18;12;1;0;0;0;31;0,6944;1,389
32;0;Creature\Ogre\Ogre.mdx;3;1;1;4;18;12;1;0;0;10;32;0,75;2,361
33;8;Creature\Ogre\OgreMage.mdx;3;1;1;1;18;12;1;0;0;10;33;0,75;2,361
34;0;Creature\Raptor\Raptor.mdx;1;1;1;5;18;12;1;0;0;0;34;0,6944;2,083
35;2;Creature\SeaGiant\SeaGiant.mdx;4;1;1;4;18;12;1;0;1;11;35;0,6944;2,083
36;1;Creature\SILITHID\Silithid.mdx;1;1;2;1;1;1;1;0;0;0;36;0,6944;2,083
37;2;Creature\Succubus\Succubus.mdx;1;1;1;3;18;12;1;0;0;0;37;0,6944;2,083
38;2;Creature\Tallstrider\TallStrider.mdx;1;1;1;5;18;12;1;0;0;0;38;0,6944;2,083
39;2;Creature\TitanFemale\TitanFemale.mdx;4;1;1;1;18;12;1;0;10;11;39;0,6944;2,083
40;2;Creature\TitanMale\TitanMale.mdx;3;1;1;1;18;12;1;0;1;12;40;0,6944;2,083
41;0;Creature\Troglodyte\Troglodyte.mdx;1;1;1;4;18;12;1;0;0;0;41;0,6944;2,083
42;0;Creature\Troll\Troll.mdx;1;1;1;1;18;12;1;0;0;0;42;0,6944;2,083
43;0;Creature\Wolf\Wolf.mdx;1;1;1;7;9;6;1;0;0;0;43;0,6944;2,083
44;0;Creature\Worgen\Worgen.mdx;1;1;1;7;18;12;1;0;0;0;44;1,111;2,126
45;2;Creature\Ghoul\Ghoul.mdx;1;1;2;1;18;12;1;0;0;0;45;0,6667;1,869
47;0;Creature\DragonSpawn\DragonSpawn.mdx;1;1;1;5;18;12;1;0;0;0;47;0,6944;2,083
49;4;Character\Human\Male\HumanMale.mdx;1;1;1;1;12;10;1;0;0;0;49;0,6111;2,031
50;4;Character\Human\Female\HumanFemale.mdx;1;1;1;1;12;10;1;0;0;0;50;0,4167;1,913
51;4;Character\Orc\Male\OrcMale.mdx;1;1;1;1;14;14;1;0;0;0;51;0,75;2,361
52;4;Character\Orc\Female\OrcFemale.mdx;1;1;1;1;12;11;1;0;0;0;52;0,4722;2,051
53;4;Character\Dwarf\Male\DwarfMale.mdx;1;1;1;1;12;10;1;0;0;0;53;0,6944;1,667
54;4;Character\Dwarf\Female\DwarfFemale.mdx;1;1;1;1;12;10;1;0;0;0;54;0,4444;1,528
55;4;Character\NightElf\Male\NightElfMale.mdx;1;1;1;1;12;10;1;0;0;0;55;0,7778;2,438
56;4;Character\NightElf\Female\NightElfFemale.mdx;1;1;1;1;12;10;1;0;0;0;56;0,5556;2,25
57;4;Character\Scourge\Male\ScourgeMale.mdx;1;1;2;1;12;10;1;0;0;0;57;0,6944;1,861
58;4;Character\Scourge\Female\ScourgeFemale.mdx;1;1;2;1;12;10;1;0;0;0;58;0,4167;1,844
59;4;Character\Tauren\Male\TaurenMale.mdx;1;1;1;3;22;16;2;0;0;0;59;0,5903;1,653
60;4;Character\Tauren\Female\TaurenFemale.mdx;1;1,25;1;3;20;14;2;0;0;0;60;0,6667;2,111
61;10;Creature\CarrionBird\CarrionBird.mdx;0;1;1;1;18;12;1;0;0;0;61;0,6944;2,083
62;8;Creature\Hydra\Hydra.mdx;3;1;1;1;18;12;1;0;0;10;62;0,6944;2,083
63;2;Creature\Tarantula\Tarantula.mdx;1;1;1;1;18;12;1;0;0;0;63;0,6944;2,083
64;2;SoundTest.mdx;1;1;1;1;18;12;1;0;0;0;64;0;0
65;0;Creature\Horse\Horse.mdx;1;1;1;6;18;12;1;0;0;0;65;0,9444;2,778
66;0;Creature\Boar\Boar.mdx;0;1;1;3;9;6;1;0;0;0;66;0,6944;2,083
67;0;Creature\AncientProtector\AncientProtector.mdx;3;1;2;3;18;12;1;0;1;11;67;0,6944;2,083
68;0;Creature\DoomGuard\DoomGuard.mdx;1;1;1;3;18;12;1;0;0;0;68;0,6944;2,083
69;3;Creature\ElementalEarth\ElementalEarth.mdx;1;1;1;3;18;12;1;0;0;0;69;0,6944;2,083
70;2;Creature\Skeleton\Skeleton.mdx;1;1;1;1;18;12;1;0;0;0;70;0,6944;2,083
71;2;Creature\GolemHarvest\GolemHarvest.mdx;1;1;3;1;18;12;1;0;0;0;71;0,6944;2,083
72;2;Creature\GolemHarvestStage2\GolemHarvestStage2.mdx;1;1;3;1;18;12;1;0;0;0;72;0,6944;2,083
73;1;Creature\DireWolf\DireWolf.mdx;1;1;1;7;24;18;1;0;0;0;73;0,6944;2,083
74;0;Creature\HumanMalePeasant\HumanMalePeasant.mdx;1;1;1;4;12;10;1;0;0;0;74;0,5097;2,031
75;1;Creature\WindSerpent\WindSerpent.mdx;2;1;1;5;18;12;1;0;0;0;75;0,6944;2,083
76;9;Creature\Frenzy\Frenzy.mdx;1;1;1;-1;18;12;1;0;0;0;76;0,6944;1,389
77;0;Creature\Dryad\Dryad.mdx;1;1;1;6;18;12;1;0;0;0;77;0,6944;2,083
78;0;Creature\Satyr\Satyr.mdx;1;1;1;3;18;12;1;0;0;0;78;0,6944;2,083
79;0;Creature\HumanMaleKid\HumanMaleKid.mdx;1;1;1;4;18;12;1;0;0;0;79;0,3681;1,306
80;0;Creature\HumanFemaleKid\HumanFemaleKid.mdx;1;1;1;4;18;12;1;0;0;0;80;0,3681;1,194
81;3;Creature\Slime\Slime.mdx;1;1;2;-1;18;12;1;0;0;0;81;0,6944;2,083
82;0;Creature\Tiger\Tiger.mdx;1;1;1;7;18;12;1;0;0;0;82;0,6944;2,083
83;8;Creature\bear\Bear.mdx;1;1;1;7;18;12;1;0;0;0;83;0,6944;1,814
84;2;Creature\GolemStone\GolemStone.mdx;1;1;3;-1;18;12;1;0;0;10;84;0,6944;2,083
85;1;Creature\Wyvern\Wyvern.mdx;1;1;1;-1;18;12;1;0;0;0;85;0,6944;2,083
86;0;Creature\HumanMalePeasant\HumanMalePeasantAxe.mdx;1;1;1;1;18;12;1;0;0;0;86;0,5097;2,031
87;0;Creature\HumanMalePeasant\HumanMalePeasantGold.mdx;1;1;1;1;18;12;1;0;0;0;87;0,5097;2,031
88;0;Creature\HumanMalePeasant\HumanMalePeasantPick.mdx;1;1;1;1;18;12;1;0;0;0;88;0,5097;2,031
89;0;Creature\HumanMalePeasant\HumanMalePeasantWood.mdx;1;1;1;1;18;12;1;0;0;0;89;0,5097;2,031
90;9;Creature\Hippogryph\Hippogryph.mdx;2;1;1;-1;18;12;1;0;0;0;90;0,6944;2,083
91;1;Creature\SilithidTank\SilithidTank.mdx;1;1;1;1;1;1;1;0;0;0;91;0,6944;2,083
92;3;Creature\Silithidwasp\SilithidWasp.mdx;1;1;1;-1;18;12;1;0;0;0;92;0,6944;2,083
93;0;Creature\HumanFemaleBlacksmith\HumanFemaleBlacksmith.mdx;1;1;1;1;18;12;1;0;0;0;93;0,4722;1,944
94;0;Creature\HumanFemaleFarmer\HumanFemaleFarmer.mdx;1;1;1;1;18;12;1;0;0;0;94;0,4167;1,913
95;0;Creature\HumanFemaleMerchantFat\HumanFemaleMerchantFat.mdx;1;1;1;1;18;12;1;0;0;0;95;0,4167;1,976
96;0;Creature\HumanFemaleMerchantThin\HumanFemaleMerchantThin.mdx;1;1;1;1;18;12;1;0;0;0;96;0,5556;1,944
97;0;Creature\HumanFemalePeasant\HumanFemalePeasant.mdx;1;1;1;1;18;12;1;0;0;0;97;0,4167;1,913
98;0;Creature\HumanFemaleWarriorHeavy\HumanFemaleWarriorHeavy.mdx;1;1;1;1;18;12;1;0;0;0;98;0,4167;1,913
99;0;Creature\HumanFemaleWarriorLight\HumanFemaleWarriorLight.mdx;1;1;1;1;18;12;1;0;0;0;99;0,4167;1,913
100;0;Creature\HumanFemaleWarriorMedium\HumanFemaleWarriorMedium.mdx;1;1;1;1;18;12;1;0;0;0;100;0,4167;1,913
101;0;Creature\HumanMaleBlacksmith\HumanMaleBlacksmith.mdx;1;1;1;1;18;12;1;0;0;0;101;0,6944;2,056
102;0;Creature\HumanMaleFarmer\HumanMaleFarmer.mdx;1;1;1;1;18;12;1;0;0;0;102;0,5556;2,083
103;0;Creature\HumanMaleNoble\HumanMaleNoble.mdx;1;1;1;1;18;12;1;0;0;0;103;0,5097;2,031
104;0;Creature\HumanMaleWarriorHeavy\HumanMaleWarriorHeavy.mdx;1;1;1;1;18;12;1;0;0;0;104;0,6111;2,031
105;0;Creature\HumanMaleWarriorMedium\HumanMaleWarriorMedium.mdx;1;1;1;1;18;12;1;0;0;0;105;0,6111;2,031
106;0;Creature\HumanMaleWizard\HumanMaleWizard.mdx;1;1;1;1;18;12;1;0;0;0;106;0,5097;2,031
107;0;Creature\HumanMaleWarriorLight\HumanMaleWarriorLight.mdx;1;1;1;1;18;12;1;0;0;0;107;0,6111;2,031
108;0;Creature\HumanMaleCaster\HumanMaleCaster.mdx;1;1;1;1;18;12;1;0;0;0;108;0,6111;2,031
109;0;Creature\HumanFemaleCaster\HumanFemaleCaster.mdx;1;1;1;1;18;12;1;0;0;0;109;0,4167;1,913
110;11;Creature\WaterElemental\WaterElemental.mdx;1;1;1;-1;18;12;1;0;0;0;110;0,6944;2,083
111;0;Creature\Chicken\Chicken.mdx;0;1;1;5;4;3;1;0;0;0;111;0,2778;0,4167
112;0;Creature\OrcMaleWarriorLight\OrcMaleWarriorLight.mdx;1;1;1;1;18;12;1;0;0;0;112;0,75;2,361
113;0;Creature\OrcMaleMerchantLight\OrcMaleMerchantLight.mdx;1;1;1;1;18;12;1;0;0;0;113;0,75;2,361
114;0;Creature\Rabbit\Rabbit.mdx;0;1;1;7;4;3;1;0;0;0;114;0,4444;0,4444
115;0;Creature\DwarfMaleWarriorLight\DwarfMaleWarriorLight.mdx;1;1;1;1;18;12;1;0;0;0;115;0,6944;1,389
116;0;Creature\Troll\TrollJungleCaster.mdx;1;1;-1;4;18;12;1;0;0;0;116;0,6944;2,083
117;0;Creature\Troll\TrollJungleBoss.mdx;1;1;-1;4;18;12;1;0;0;0;117;0,6944;2,083
118;0;Creature\Troll\TrollWhelp.mdx;1;1;-1;4;18;12;1;0;0;0;118;0,6944;2,083
119;0;Creature\Troll\TrollMelee.mdx;1;1;-1;4;18;12;1;0;0;0;119;0,6944;2,083
120;0;Creature\Troll\TrollForestBoss.mdx;1;1;-1;4;18;12;1;0;0;0;120;0,6944;2,083
121;0;Creature\Troll\TrollForestCaster.mdx;1;1;-1;4;18;12;1;0;0;0;121;0,6944;2,083
122;0;Creature\GnollCaster\GnollCaster.mdx;1;1;1;7;18;12;1;0;0;0;122;0,6944;2,083
123;0;Creature\GnollMelee\GnollMelee.mdx;1;1;-1;7;18;12;1;0;0;0;123;0,8333;1,564
124;0;Creature\Deer\Deer.mdx;1;1;-1;3;18;12;1;0;0;0;124;0,5556;1,667
125;0;Creature\HumanMaleMarshal\HumanMaleMarshal.mdx;1;1;-1;1;18;12;1;0;0;0;125;0,5097;2,031
126;0;Creature\HumanMaleGuard\HumanMaleGuard.mdx;1;1;-1;1;18;12;1;0;0;0;126;0,5097;2,031
127;0;Creature\HumanMalePirateCaptain\HumanMalePirateCaptain.mdx;1;1;-1;1;18;12;1;0;0;0;127;0,6111;2,031
128;0;Creature\HumanMalePirateCrewman\HumanMalePirateCrewman.mdx;1;1;-1;4;18;12;1;0;0;0;128;0,6944;2,083
129;0;Creature\HumanMalePirateSwashbuckler\HumanMalePirateSwashbuckler.mdx;1;1;-1;1;18;12;1;0;0;0;129;0,6944;2,083
130;0;Creature\Dreadlord\DreadLord.mdx;2;1;3;3;18;12;1;0;0;10;130;0,6944;2,083
131;0;Creature\Gnome\Gnome.mdx;1;1;-1;1;18;12;1;0;0;0;131;0,6944;1,25
132;8;Creature\Crab\Crab.mdx;0;1;-1;1;4;3;1;0;0;0;132;0,6944;0,9722
133;9;Creature\threshadon\Threshadon.mdx;1;1;-1;-1;18;12;1;0;0;0;133;0,6944;2,083
134;0;Creature\Squirrel\Squirrel.mdx;0;1;1;7;4;3;1;0;0;0;134;0;0
136;0;Creature\Gorilla\Gorilla.mdx;0;1;1;4;18;12;1;0;0;0;135;0,6944;2,083
137;10;Creature\Crocodile\Crocodile.mdx;0;1;-1;5;18;12;1;0;0;0;136;0,6944;2,083
139;0;Creature\Felhound\FelHound.mdx;0;1;3;5;16,2;10,8;1;0;0;0;138;0,6944;2,083
140;0;Creature\Sheep\Sheep.mdx;0;1;1;3;18;12;1;0;0;0;139;0,6944;1,028
141;0;Creature\Ent\Ent.mdx;0;1;2;5;18;12;1;0;0;0;140;0,6944;2,083
142;3;Creature\Frog\Frog.mdx;0;1;-1;7;4;3;1;0;0;0;141;0,4167;0,2778
143;0;Creature\Horse\Horse.mdx;1;1;-1;6;18;12;1;0;0;0;65;0,9444;2,778
144;3;Creature\Banshee\Banshee.mdx;0;1;-1;4;18;12;1;0;0;0;142;0,6944;2,083
145;0;Creature\Quillboar\QuillBoar.mdx;0;1;-1;3;18;12;1;0;0;0;143;0,6944;2,083
146;0;Creature\Wendigo\Wendigo.mdx;0;1;1;4;18;12;1;0;0;0;144;0,6944;2,083
147;1;Creature\Gryphon\Gryphon.mdx;2;1;1;-1;18;12;1;0;0;0;145;0,6944;2,083
149;0;Creature\GolemHarvestStage2\GolemHarvestStage2.mdx;0;1;-1;1;0;0;0;0;0;0;147;0,6944;2,083
150;0;Creature\TempDeathGuard\DeathGuard.mdx;1;1;1;1;18;12;1;0;0;0;148;0,6944;2,083
151;0;Creature\TempScarletCrusaderLight\ScarletCrusaderLight.mdx;1;1;1;1;18;12;1;0;0;0;149;0,6111;2,031
152;0;Creature\TempScarletCrusaderHeavy\ScarletCrusaderHeavy.mdx;1;1;1;1;18;12;1;0;0;0;150;0,6111;2,031
155;0;Creature\Cow\Cow.mdx;1;1;1;-1;18;12;1;0;0;0;153;0,6944;2,083
156;0;Creature\FleshGolem\FleshGolem.mdx;2;1;-1;-1;18;12;1;0;0;0;154;0,6944;2,083
157;0;Creature\QuirajBattleguard\BattleGuard.mdx;2;1;1;-1;0;0;0;0;0;0;155;0,6944;2,083
158;0;Creature\QuirajGladiator\QuirajGladiator.mdx;1;1;1;-1;0;0;0;0;0;0;156;0,6944;2,083
159;0;Creature\QuirajProphet\QuirajProphet.mdx;1;1;-1;-1;18;12;1;0;0;0;157;0;0
160;11;Creature\FireElemental\FireElemental.mdx;1;1;-1;-1;18;12;1;0;0;0;158;0,6944;2,083
161;0;Creature\PrarieDog\PrarieDog.mdx;1;1;1;7;4;3;1;0;0;0;159;0,2778;0,2778
162;2;Creature\VoidWalker\VoidWalker.mdx;1;1;2;1;18;12;1;0;0;0;162;0,6944;2,083
163;0;Creature\OrcMaleWarriorHeavy\OrcMaleWarriorHeavy.mdx;1;1;1;1;18;12;1;0;0;0;163;0,75;2,361
164;0;Creature\Goblin\Goblin.mdx;1;1;2;-1;18;12;1;0;0;0;164;0,6944;1,389
165;0;Creature\Rat\Rat.mdx;1;1;1;5;4;3;1;0;0;0;165;0,5556;0,2778
167;2;Creature\Zombie\ZombieArm.mdx;1;1;2;1;18;12;1;0;0;0;166;0,6944;2,083
168;2;Creature\Zombie\Zombie.mdx;1;1;2;1;18;12;1;0;0;0;167;0,6944;2,083
170;9;Creature\snake\snake.mdx;1;1;1;1;18;12;1;0;0;0;168;0,6944;0,2806
171;3;Creature\Wolf\Wolf_ghost.mdx;1;1;-1;7;18;12;1;0;0;0;169;0,6944;2,083
172;0;Creature\Lobstrok\Lobstrok.mdx;2;1;1;5;18;12;1;0;0;0;170;0,6944;2,083
173;10;Creature\SeaTurtle\SeaTurtle.mdx;1;1;1;7;18;12;1;0;0;0;171;0,6944;2,083
174;2;Creature\SkeletonMage\SkeletonMage.mdx;1;1;-1;1;18;12;1;0;0;0;172;0,6944;2,083
175;1;Creature\FaerieDragon\FaerieDragon.mdx;1;1;1;-1;18;12;1;0;0;0;173;0,6944;2,083
176;0;Creature\Goblin\GoblinShredder.mdx;1;1;-1;1;18;12;1;0;0;0;174;0,6944;2,083
177;3;Creature\FaerieDragon\FaerieDragon_Ghost.mdx;1;1;-1;-1;18;12;1;0;0;0;175;0,6944;2,083
178;0;Creature\cockroach\Cockroach.mdx;0;1;-1;1;4;3;0,2;0;0;0;176;0,4167;0,2778
180;0;Creature\bear\Bear.mdx;1;1;1;1;18;12;1;0;2;12;83;0,6944;1,814
181;3;Creature\Spells\StasisTotem.mdx;1;1;-1;-1;18;12;1;0;0;0;177;0,7936;2,083
182;4;Character\Gnome\Male\GnomeMale.mdx;1;1;1;1;12;10;1;0;0;0;294;0,6944;1,056
183;4;Character\Gnome\Female\GnomeFemale.mdx;1;1;1;1;12;10;1;0;0;0;295;0,6111;1
185;4;Character\Troll\Male\TrollMale.mdx;1;1;1;1;12;10;1;0;0;0;296;0,6944;2,083
186;4;Character\Troll\Female\TrollFemale.mdx;1;1;1;1;12;10;1;0;0;0;297;0,613;1,839
187;8;Creature\AncientOfLore\AncientofLore.mdx;4;1;-1;1;18;12;1;0;2;11;178;0,6944;2,083
188;8;Creature\AncientOfWar\AncientofWar.mdx;4;1;-1;1;18;12;1;0;2;11;179;0,6944;2,083
190;3;Creature\Spells\Serpent_Totem.mdx;1;1;-1;-1;18;12;1;0;0;0;180;0,7936;2,876
191;0;Creature\ThunderLizard\ThunderLizard.mdx;2;1;1;7;18;12;1;0;0;0;181;0,6944;2,083
192;0;Creature\Hyena\Hyena.mdx;1;1;1;7;18;12;1;0;0;0;182;0,6944;2,083
193;9;Creature\Shark\Shark.mdx;1;1;1;-1;18;12;1;0;0;0;183;1,042;2,083
194;0;Creature\Stag\Stag.mdx;1;1;1;6;18;12;1;0;0;0;184;0,6944;2,083
195;0;Creature\MountedKnight\MountedKnight.mdx;1;1;1;6;18;12;1;0;0;10;185;0,6944;2,083
197;0;Creature\Gazelle\Gazelle.mdx;1;1;1;3;18;12;1;0;0;0;186;0,6944;2,083
198;0;Creature\giraffe\Giraffe.mdx;1;1;1;3;0;0;0;0;0;0;187;0,6944;2,083
199;3;Creature\SPELLS\MonsterLure01.mdx;1;1;-1;-1;18;12;1;0;0;0;188;0,2799;1,1
201;0;Creature\Felat\Felbat.mdx;1;1;1;-1;18;12;1;0;0;0;189;0,6944;2,083
202;3;Creature\Spells\HealingTotem.mdx;1;1;-1;-1;18;12;1;0;0;0;190;0,7936;2,083
203;0;Creature\Dragon\Dragon.mdx;4;1;1;5;30;20;3;0;2;12;191;0,6944;2,083
204;2;Creature\TitanMale\TitanMale_Ghost.mdx;1;1;-1;4;18;12;1;0;0;0;192;0,6944;2,083
205;0;Creature\MountainGiant\MountainGiant.mdx;3;1;-1;1;18;12;1;0;2;11;193;0,6944;2,083
206;0;Creature\SeaGiant\SeaGiant.mdx;1;1;1;4;18;12;1;0;2;12;35;0,6944;2,083
207;3;Creature\Wisp\Wisp.mdx;1;1;-1;-1;18;12;1;0;0;0;194;0,6944;2,083
209;1;Creature\Hippogryph\Hippogryph.mdx;1;1;1;-1;18;12;1;0;0;0;90;0,6944;2,083
210;0;Creature\Lion\Lion.mdx;1;1;1;7;18;12;1;0;0;0;196;0,8333;1,389
212;0;Creature\Unicorn\Unicorn.mdx;1;1;1;6;18;12;1;0;0;0;197;0,9444;2,778
213;0;Creature\DruidBear\DruidBear.mdx;1;1;1;7;18;12;1;0;0;0;83;0,6944;2,083
214;0;Creature\DruidBear\DruidBearTauren.mdx;1;1;1;7;18;12;1;0;0;0;83;0,6944;2,083
215;0;Creature\Nightmare\Nightmare.mdx;1;1;3;6;18;12;1;0;0;10;65;0,9444;2,778
216;0;Creature\RidingHorse\RidingHorse.mdx;1;1;1;6;18;12;1;0;0;0;65;0,9444;2,778
217;0;Creature\DireWolf\RidingDireWolf.mdx;1;1;1;7;24;18;1;0;0;0;73;0,6944;2,083
218;1;Creature\Scorpion\Scorpion.mdx;1;1;2;5;0;0;0;0;0;0;198;0,6944;1,389
219;3;Creature\Spells\ManaTotem.mdx;1;1;-1;-1;18;12;1;0;0;0;199;0,7936;2,083
220;3;Creature\Spells\SentryTotem.mdx;1;1;-1;-1;18;12;1;0;0;0;200;0,7936;1,739
221;3;Creature\Spells\InvisibilityTotem.mdx;1;1;-1;-1;18;12;1;0;0;0;201;0,7936;2,083
222;3;Creature\Spells\EyeOfKilrog.mdx;0;1;2;-1;18;12;1;0;0;0;194;0,6944;1,389
223;0;Creature\SeaLion\SeaLion.mdx;1;1;1;-1;18;12;1;0;0;0;202;0,6944;2,083
224;1;Creature\SeaLion\SeaLion.mdx;1;1;1;-1;18;12;1;0;0;0;202;0,6944;2,083
225;0;Creature\ForceOfNature\ForceofNature.mdx;1;1;1;5;18;12;1;0;0;0;204;0,6944;2,083
227;3;Creature\Orca\Orca.mdx;1;1;1;-1;18;12;1;0;0;0;205;0,6944;2,083
229;0;Creature\Ram\Ram.mdx;1;1;1;3;18;12;1;0;0;0;206;0,6944;2,083
230;1;Creature\Shark\HammerHead.mdx;1;1;1;-1;18;12;1;0;0;0;207;1,042;2,083
250;1;Creature\CryptFiend\CryptFiend.mdx;1;1;3;1;18;12;1;0;0;0;227;0,6944;2,083
270;3;Creature\Object\WoodenDummy.mdx;1;1;-1;-1;18;12;1;0;0;0;247;0,4583;2,088
271;3;Creature\Object\ArcheryTarget.mdx;1;1;-1;-1;18;12;1;0;0;0;248;2,757;4,677
290;3;Creature\Object\Cannon.mdx;1;1;-1;4;18;12;1;0;0;0;267;0,6944;2,083
310;0;Creature\HighElf\HighElfFemale_Mage.mdx;1;1;1;1;18;12;1;0;0;0;287;0,4146;2,142
311;0;Creature\HighElf\HighElfFemale_Hunter.mdx;1;1;1;1;18;12;1;0;0;0;288;0,4146;2,142
312;0;Creature\HighElf\HighElfFemale_Priest.mdx;1;1;1;1;18;12;1;0;0;0;289;0,4146;2,142
313;0;Creature\HighElf\HighElfFemale_Warrior.mdx;1;1;1;1;18;12;1;0;0;0;290;0,4146;2,142
314;0;Creature\HighElf\HighElfMale_Mage.mdx;1;1;1;1;18;12;1;0;0;0;291;0,5848;2,028
315;0;Creature\HighElf\HighElfMale_Hunter.mdx;1;1;1;1;18;12;1;0;0;0;292;0,5848;2,028
316;0;Creature\HighElf\HighElfMale_Priest.mdx;1;1;1;1;18;12;1;0;0;0;289;0,5848;2,028
317;0;Creature\HighElf\HighElfMale_Warrior.mdx;1;1;1;1;18;12;1;0;0;0;293;0,5848;2,028
331;1;Creature\FelBat\BatTaxi.mdx;1;1;1;-1;18;12;1;0;0;0;308;0,6944;2,083
332;1;Creature\NagaMale\NagaMale.mdx;1;1;1;1;1;1;1;0;0;0;309;0,6944;2,083
351;0;Creature\Chimera\Chimera.mdx;1;1;1;-1;18;12;1;0;0;0;328;0,6944;2,083
352;0;Creature\Serpent\Serpent.mdx;1;1;1;1;1;1;1;0;0;0;329;0,6944;2,083
371;0;Creature\Imp\Imp.mdx;0;1;1;3;18;12;1;0;0;0;348;0,4722;1,528
372;0;Creature\Quillboar\QuillBoarWarrior.mdx;1;1;1;6;18;12;1;0;0;0;143;0,6944;2,083
373;1;Creature\Owl\Owl.mdx;1;1;1;1;18;12;1;0;0;0;350;0,6944;2,083
374;3;Creature\Spells\WaterElementalTotem.mdx;1;1;-1;-1;18;12;1;0;0;0;351;0,5193;1,315
375;3;Creature\Spells\EarthElementalTotem.mdx;1;1;-1;-1;18;12;1;0;0;0;352;0,5193;1,315
376;3;Creature\Spells\FireElementalTotem.mdx;1;1;-1;-1;18;12;1;0;0;0;353;0,5201;1,315
377;3;Creature\Spells\AirElementalTotem.mdx;1;1;-1;-1;18;12;1;0;0;0;354;0,5193;1,315
391;3;Creature\Shade\Shade.mdx;1;1;3;-1;18;12;1;0;0;0;368;0,6944;2,083
392;0;Creature\Quillboar\QuillBoarCaster.mdx;1;1;1;6;18;12;1;0;0;0;143;0,6944;2,083
393;3;Creature\Spells\FireLightTotem.mdx;1;1;-1;-1;18;12;1;0;0;0;370;0,5201;1,315
411;9;Creature\FelBat\FelBat.mdx;1;1;2;-1;18;12;1;0;0;0;189;0,6944;2,083
452;1;Creature\Fish\Fish.mdx;1;1;1;-1;18;12;1;0;0;0;389;0,6944;2,083
453;1;Creature\StormCrow\StormCrow.mdx;1;1;1;-1;0;0;0;0;0;0;390;0,6944;2,083
454;0;Creature\TRex\trex.mdx;2;1;-1;5;12;18;1;0;0;0;391;0,6944;2,083
455;2;Creature\Zombie\ZombieSword.mdx;1;1;2;4;12;18;1;0;0;0;392;0,6944;2,083
456;10;Creature\Anubisath\Anubisath.mdx;1;1;3;1;18;12;1;0;2;12;40;0,6944;2,083
457;0;Creature\FrostSabre\RidingFrostSabre.mdx;1;1;1;7;24;18;1;0;0;0;196;0,6944;2,083
458;0;Creature\RidingRaptor\RidingRaptor.mdx;1;1;1;5;24;18;1;0;0;0;34;0,6944;2,083
459;0;Creature\Tallstrider\TallStrider.mdx;1;1;1;3;24;18;1;0;0;0;38;0,6944;2,083
471;0;Creature\Centaur\CentaurKhan.mdx;1;1;1;6;18;12;1;0;0;0;3;0,6944;2,083
491;2;Creature\UndeadHorse\RidingUndeadHorse.mdx;1;1;3;6;18;12;1;0;0;10;428;0,9444;2,778
492;0;Creature\Centaur\CentaurCaster.mdx;1;1;1;6;18;12;1;0;0;0;429;0,6944;2,083
511;0;Creature\Centaur\CentaurWarrior.mdx;1;1;1;6;18;12;1;0;0;0;3;0,6944;2,083
512;3;Creature\Fish\Fish.mdx;1;1;-1;-1;18;12;1;0;0;0;389;0,6944;2,083
513;3;Creature\ElementalPoison\PoisonElemental.mdx;1;1;-1;-1;18;12;1;0;0;0;449;0,6944;2,083
531;1;Creature\NagaFemale\Siren.mdx;1;1;-1;-1;18;12;1;0;0;0;468;0,6944;2,083
551;0;Creature\FelGuard\FelGuard.mdx;1;1;3;1;22;16;1;0;0;10;488;0,6944;2,083
552;2;Creature\UndeadHorse\UndeadHorse.mdx;1;1;3;6;12;18;1;0;0;0;428;0,9444;2,778
571;9;Creature\Drake\Drake.mdx;2;1;1;1;18;12;1;0;0;10;508;0,6944;2,083
591;3;Creature\AirElemental\AirElemental.mdx;1;1;-1;-1;18;12;1;0;0;0;528;0,6944;2,083
611;1;Creature\Parrot\Parrot.mdx;0;1;-1;4;18;12;1;0;0;0;548;0,6944;2,083
631;0;Creature\Cat\Cat.mdx;0;1;1;7;4;3;1;0;0;0;568;0,4167;0,5556
651;1;Creature\Parrot\Parrot.mdx;0;1;1;-1;18;12;1;0;0;0;548;0,6944;2,083
671;3;Creature\GnomeSpidertank\GnomeSpiderTank.mdx;2;1;3;-1;1;1;1;0;0;10;588;0,6944;2,083
691;3;Creature\ElementalPoison\PoisonElemental.mdx;1;1;2;-1;18;12;1;0;0;0;449;0,6944;2,083
692;2;Creature\StoneKeeper\StoneKeeper.mdx;3;1;-1;1;18;12;1;0;1;12;608;0,6944;2,083
711;0;Creature\Kodobeast\KodoBeastTame.mdx;3;1;1;1;18;12;1;0;1;10;27;0,6944;2,083
712;3;Creature\Spells\LandMine01.mdx;0;1;-1;1;18;12;1;0;0;0;629;0,884;0,3309
731;0;Creature\MountedDeathKnight\MountedDeathKnight.mdx;1;1;-1;6;18;12;1;0;0;0;648;0,6944;2,083
751;2;Creature\MechaStrider\MechaStrider.mdx;1;1;-1;5;18;12;1;0;0;0;688;0,6944;2,083
771;2;Creature\GnomeSpidertank\GnomeBot.mdx;2;1;-1;-1;1;1;1;0;0;10;708;0,6944;2,083
791;1;Creature\Wyvern\Wyvern.mdx;2;1;1;-1;18;12;1;0;0;0;85;0,6944;2,083
792;1;Creature\Gryphon\Gryphon.mdx;2;1;1;-1;18;12;1;0;0;0;145;0,6944;2,083
811;2;Creature\GnomeSpidertank\GnomeAlertBot.mdx;0;1;-1;-1;18;12;1;0;0;0;728;1,389;4,167
831;4;Character\Goblin\Male\GoblinMale.mdx;1;1;1;1;12;10;1;0;0;0;1128;0,5556;1,389
832;4;Character\Goblin\Female\GoblinFemale.mdx;1;1;1;1;12;10;1;0;0;0;294;0,5556;1,389
851;0;Creature\GnomeSpidertank\GnomeBomBot.mdx;0;1;-1;1;18;12;1;0;0;0;748;1,389;4,167
852;0;Creature\MechaStrider\GnomeMechaStrider.mdx;1;1;-1;5;18;12;1;0;0;0;749;0,6944;2,083
853;2;Creature\GnomeSpidertank\GnomePounder.mdx;2;1;-1;1;18;12;1;0;0;10;750;0,6944;2,083
871;1;Creature\SILITHIDSCARAB\SilithidScarab.mdx;1;1;2;-1;0;0;0;0;0;0;768;1,667;2,222
891;1;Creature\Gargoyle\Gargoyle.mdx;1;1;3;1;18;12;1;0;0;0;788;0,6944;2,083
892;0;Creature\MineSpider\MineSpiderBoss.mdx;3;1;2;1;18;12;1;0;0;11;789;0,6944;2,083
911;1;Creature\Worm\Worm.mdx;1;1;3;1;18;12;1;0;0;0;808;0,6944;2,083
912;0;Creature\SkeletonNaked\SkeletonNaked.mdx;1;1;-1;4;18;12;1;0;0;0;809;0,6944;2,083
931;0;Creature\demonhunter\DemonHunter.mdx;1;1;1;1;18;12;1;0;0;0;828;0,6264;2,606
932;3;Creature\Larva\Larva.mdx;0;1;1;1;18;12;1;0;0;0;829;0,6944;2,083
951;3;Creature\Lasher\Lasher.mdx;1;1;2;1;18;12;1;0;0;0;848;0,6944;2,083
971;0;Creature\TrollDire\TrollDire.mdx;2;1;1;1;18;12;1;0;0;0;868;0,6944;2,083
991;3;Creature\Slime\SlimeLesser.mdx;0;1;2;-1;18;12;1;0;0;0;81;0,6944;2,083
1011;0;Creature\DragonSpawnCaster\DragonSpawnCaster.mdx;1;1;1;5;18;12;1;0;0;0;908;0,6944;2,083
1031;0;Creature\DragonSpawn\DragonSpawnArmored.mdx;2;1;1;1;18;12;1;0;0;0;47;0,6944;2,083
1051;3;Creature\Lich\Lich.mdx;1;1;3;4;18;12;1;0;0;0;948;0,6944;2,083
1071;0;Creature\Kodobeast\KodoBeastPack.mdx;3;1;-1;6;18;12;1;0;1;10;27;0,6944;2,083
1091;3;Creature\FlyingMachineCreature\FlyingMachineCreature.mdx;1;1;-1;-1;18;12;1;0;0;0;1728;0,6944;2,083
1111;3;Creature\SkeletalSerpent\SkeletalSerpent.mdx;1;1;3;1;18;12;1;0;0;0;988;0,6944;2,083
1131;2;Creature\GolemStone\GolemCannonStone.mdx;2;1;3;4;18;12;1;0;0;0;1008;0,6944;2,083
1151;1;Creature\Salamander\SalamanderMale.mdx;1;1;1;1;18;12;1;0;0;0;1028;0,6944;2,083
1171;0;Creature\Pterrordax\Pterrordax.mdx;1;1;1;5;18;12;1;0;0;0;1048;0,6944;2,083
1191;0;Creature\WarHorse\WarHorse.mdx;2;1;1;3;18;12;1;0;0;10;65;0,6944;2,083
1211;0;Creature\Diemetradon\Diemetradon.mdx;1;1;3;7;18;12;1;0;0;0;1068;0,6944;2,083
1231;0;Creature\DruidCat\DruidCat.mdx;1;1;1;7;18;12;1;0;0;0;1088;0,6944;2,083
1232;0;Creature\DruidCatTauren\DruidCatTauren.mdx;1;1;1;7;18;12;1;0;0;0;1089;0,6944;2,083
1251;3;Creature\FireElemental\FireElementalGreen.mdx;0;1;-1;-1;18;12;1;0;0;0;1148;0,6944;2,083
1271;3;Creature\Spells\Creature_SpellPortal.mdx;0;1;-1;-1;18;12;1;0;0;0;1168;0,4167;2,361
1291;1;Creature\Drake\OrcDrakeRider.mdx;3;1;1;-1;18;12;1;0;0;11;1188;0,6944;2,083
1311;0;Creature\ZigguratCrystal\ZigguratCrystal.mdx;2;1;-1;-1;18;12;1;0;0;0;1208;0,6944;2,083
1331;0;Creature\FrostSabre\FrostSabre.mdx;1;1;1;7;24;18;1;0;0;0;1248;0,6944;2,083
1351;2;Creature\CryptScarab\Crypt_Scarab.mdx;0;1;-1;-1;18;12;1;0;0;0;1268;1,667;2,222
1371;0;Creature\Ram\RidingRam.mdx;1;1;1;6;18;12;1;0;0;0;1288;0,6944;2,083
1391;3;Creature\Egg\EggCreature.mdx;0;1;-1;1;0;0;0;0;0;0;1308;0;0
1411;0;Creature\DragonSpawn\DragonSpawnOverlord.mdx;3;1;1;5;18;12;1;0;0;0;1328;0,6944;2,083
1431;0;Creature\Ogre\OgreWarlord.mdx;2;1;1;4;18;12;1;0;0;10;1348;0,75;2,361
1451;0;Creature\FelBeast\FelBeast.mdx;2;1;3;1;20;14;1;0;1;11;1368;0,6944;2,083
1471;3;Creature\GoblinRocketCar\GoblinRocketCar.mdx;1;1;-1;1;0;0;0;0;0;0;1388;0,6944;1,389
1491;3;Creature\Wight\Wight.mdx;2;1;2;4;18;12;1;0;0;0;1408;0,6944;2,083
1492;3;Creature\spirithealer\SpiritHealer.mdx;1;1;-1;-1;18;12;1;0;0;0;1409;0,6944;2,083
1511;2;Creature\MountedDeathKnight\RidingUndeadWarHorse.mdx;2;1;3;6;18;12;1;0;0;10;1428;0,6944;2,083
1531;0;Creature\diablo\DiabloFunSized.mdx;0;1;3;5;10;6;1;0;0;0;1468;0,6944;3,194
1532;0;Creature\panda\PandaCub.mdx;0;1;1;7;10;6;1;0;0;0;1469;0,6944;1,814
1533;0;Creature\zergling\ZerglingPet.mdx;0;1;1;5;10;6;1;0;0;0;1470;1,005;2,495
1551;8;Creature\Dragon\DragonOnyxia.mdx;4;1;1;5;18;12;1;0;2;12;191;0,6944;2,083
1571;11;Creature\Ragnaros\Ragnaros.mdx;4;1;-1;-1;18;12;1;0;0;12;1508;0,6944;2,083
1591;0;Creature\Dragon\DragonNefarian.mdx;4;1;3;5;18;12;1;0;2;12;191;0,6944;2,083
1611;0;Creature\Turkey\Turkey.mdx;0;1;1;5;3;2;1;0;0;0;1530;0;0
1631;0;Creature\FelBoar\FelBoar.mdx;1;1;3;3;18;12;1;0;0;0;1548;0;0
1651;0;Creature\Dragon\DragonAzurgoz.mdx;3;1;3;5;30;20;2;0;2;12;191;0,6944;2,083
1671;3;Creature\CrystalPortal\CrystalPortal.mdx;0;1;-1;-1;0;0;0;0;0;0;1568;0,6944;2,083
1691;0;Creature\Lord Kezzak\LordKezzak.mdx;3;1;3;3;18;12;1;0;10;10;68;1,907;5,72
1711;0;Creature\Kodobeast\RidingKodo.mdx;1;1;1;6;18;12;1;0;0;0;1588;0,6944;2,083
1731;3;Creature\InvisibleStalker\InvisibleStalker.mdx;1;1;3;4;0;0;0;0;0;0;1608;0,7778;2,438
1751;0;Creature\Tharazun\Tharazun.mdx;2;1;3;1;18;12;1;0;0;0;1628;0,6944;2,083
1752;3;Creature\InvisibleStalker\InvisibleStalker.mdx;0;1;3;1;18;12;1;0;0;0;1608;0,7778;2,438
1753;0;Creature\ObsidianDestroyer\ObsidianDestroyer.mdx;3;1;3;5;18;12;1;0;0;0;1648;0,6944;2,083
1771;0;Creature\BoneGolem\BoneGolem.mdx;1;1;-1;4;0;0;0;0;0;0;1668;0,6944;2,083
1791;0;Creature\Imp\FireImp.mdx;0;1;3;5;0;0;0;0;0;0;1688;0,4722;1,528
1811;0;Creature\Lord Kezzak\LordKezzak.mdx;3;1;3;5;18;12;1;0;1;11;1708;1,907;5,72
1831;11;Creature\Snowman\SnowMan.mdx;1;1;-1;1;0;0;0;0;0;0;1748;0,6944;1,389
1851;0;Creature\voidterror\VoidTerror.mdx;1;1;3;5;18;12;1;0;0;0;1768;0,6944;2,083
1871;9;Creature\Manafiend\ManaFiend.mdx;1;1;-1;-1;0;0;0;0;0;0;1788;0,6944;2,083
1891;0;Creature\DragonFootSoldier\DragonFootSoldier.mdx;1;1;-1;1;18;12;1;0;0;10;1808;0,6944;2,083
1911;0;Creature\DireWolf\PvPRidingDireWolf.mdx;1;1;1;7;24;18;1;0;0;0;1828;0,9722;1,944
1912;0;Creature\FrostSabre\PVPRidingFrostSabre.mdx;1;1;1;7;24;18;1;0;0;0;1829;0,8333;1,389
1913;0;Creature\Ram\PVPRidingRam.mdx;1;1;1;6;18;12;1;0;0;0;1830;0,6944;2,083
1914;0;Creature\Kodobeast\KodoBeastPvPT2.mdx;1;1;1;6;18;12;1;0;0;0;1831;0,6944;2,083
1915;0;Creature\MechaStrider\PvPMechaStrider.mdx;1;1;3;5;18;12;1;0;0;0;1832;0,6944;2,083
1916;0;Creature\RidingRaptor\PvPRidingRaptor.mdx;1;1;1;5;24;18;1;0;0;0;1833;0,6944;2,083
1917;0;Creature\RidingHorse\RidingHorsePvPT2.mdx;0;1;1;6;18;12;1;0;0;0;1834;0,9444;2,778
1931;0;Creature\Drakeadon\Drakeadon.mdx;3;1;2;5;18;12;1;0;0;0;1848;0,6944;2,083
1951;0;Creature\Nightmare\Gorgon101.mdx;1;1;3;3;18;12;1;0;0;0;1868;0,9444;2,778
1952;0;Creature\WarHorse\PVPWarHorse.mdx;1;1;1;3;18;12;1;0;0;0;1869;0;0
1971;0;Creature\Spells\BattleStandard_Alliance.mdx;0;1;-1;-1;18;12;1;0;0;0;1888;0;0
1972;0;Creature\Spells\BattleStandard_Horde.mdx;0;1;-1;-1;0;0;0;0;0;0;1889;0;0
1973;0;Creature\DragonSpawn\DragonSpawnGreater.mdx;2;1;1;5;18;12;1;0;0;0;1890;0,6944;2,083
1991;0;Creature\RIDINGHORSE\PackMule.mdx;1;1;1;3;0;0;0;0;0;0;1908;0,9444;2,778
2011;0;Creature\OrcMaleKid\OrcMaleKid.mdx;0;1;1;4;18;12;1;0;0;0;1928;0,3681;1,306
2031;0;Creature\OrcFemaleKid\OrcFemaleKid.mdx;0;1;1;1;18;12;1;0;0;0;1948;0,3681;1,194
2051;0;Creature\AncientOfLore\AncientofLore.mdx;4;1;3;5;18;12;1;0;2;12;178;0,6944;2,083
2071;1;Creature\ChineseDragon\ChineseDragon.mdx;0;1;1;-1;0;0;0;0;0;0;1968;0;0
2072;0;Creature\Spells\BattleStandard_Frostwolf_A_01.mdx;0;1;-1;-1;0;0;0;0;0;0;1969;0;0
2073;0;Creature\Spells\BattleStandard_Stormpike_A_01.mdx;0;1;-1;-1;18;12;1;0;0;0;1970;0;0
2091;0;Creature\tigon\TigonMale.mdx;1;1;1;5;18;12;1;0;0;0;1988;1,111;2,126
2111;11;Creature\Thunderaan\Thunderaan.mdx;0;1;-1;-1;18;12;1;0;0;12;2008;0,6944;2,083
2131;0;Creature\tigon\TigonFemale.mdx;1;1;1;7;18;12;1;0;0;0;2028;1,111;2,126
2151;0;Creature\slith\Slith.mdx;1;1;-1;-1;0;0;0;0;0;0;2048;0,6944;2,083
2171;0;Creature\mobat\Mobat.mdx;1;1;1;-1;0;0;0;0;0;0;2068;0,6944;2,083
2191;0;Creature\Dryder\Dryder.mdx;2;1;-1;-1;0;0;0;0;0;0;2088;0,6944;2,083
2192;0;Creature\Hakkar\Hakkar.mdx;0;1;-1;-1;18;12;1;0;0;0;2089;0,6944;2,083
2193;0;Creature\Hakkar\Hakkar.mdx;0;1;-1;-1;0;0;0;0;0;0;2089;0,6944;2,083
2194;1;Creature\FelBat\BatRider.mdx;1;1;1;-1;18;12;1;0;0;0;2090;0,6944;2,083
2195;0;Creature\GnomeRocketCar\GnomeRocketCar.mdx;1;1;3;-1;0;0;0;0;0;0;2091;5,064;6,252
2196;0;Creature\Dragon\Taerar.mdx;3;1;1;5;30;20;3;0;2;12;2092;0,6944;2,083
2197;0;Creature\Dragon\Lethon.mdx;3;1;1;5;30;20;5;0;2;12;2093;0,6944;2,083
2198;0;Creature\Murloc\BabyMurloc.mdx;0;1;1;5;7;5;1;0;0;0;2094;0,6944;1,389
2199;0;Creature\DruidOwlbear\DruidOwlBear.mdx;1;1;-1;5;18;12;1;0;0;0;2095;0,75;2,361
2200;0;Creature\DruidOwlbear\DruidOwlBearTauren.mdx;1;1;-1;5;18;12;1;0;0;0;2096;0,75;2,361
2201;11;Creature\SteamTonk\SteamTonk.mdx;0;1;3;-1;18;12;1;0;0;0;2097;0,4444;0,4444
2202;0;Creature\Murloc\BabyMurloc.mdx;0;1;-1;5;18;12;1;0;0;0;2094;0,6944;1,389
2204;1;Creature\SilithidWaspBoss\SilithidWaspBoss.mdx;2;1;2;-1;18;12;1;0;0;0;2099;0;0
2205;0;Creature\Horisath\Horisath.mdx;3;1;-1;1;18;12;1;0;0;0;2100;0,6944;2,083
2206;3;Creature\InvisibleMan\InvisibleMan.mdx;1;1;-1;-1;0;0;0;0;0;0;2101;0,7778;2,438
2213;1;Creature\EyeOfKathune\EyeofKathune.mdx;4;1;3;-1;18;12;1;0;0;12;2106;0;0
2216;1;Creature\SilithidTankBoss\SilithidTankBoss.mdx;2;1;2;-1;18;12;1;0;0;0;2108;0;0
2217;1;Creature\SilithidTankBoss\SilithidTankBoss_Damaged.mdx;2;1;2;-1;0;0;0;0;0;0;2109;0;0
2218;1;Creature\SandWorm\SandWorm.mdx;4;1;2;-1;18;12;1;0;0;0;2110;0;0
2220;1;Creature\RidingSilithid\RidingSilithid.mdx;1;1;2;-1;18;12;1;0;0;0;2112;0;0
2221;0;Creature\SlimeGiant\GiantSlime.mdx;3;1;2;-1;18;12;1;0;0;0;81;0;0
2222;0;Creature\SandReaver\SandReaver.mdx;2;1;2;-1;18;12;1;0;0;0;2113;0;0
2223;0;Creature\TwinEmperor\TwinEmperor.mdx;2;1;2;-1;0;0;0;0;0;0;2114;0;0
2224;0;Creature\BODYOFKATHUNE\BodyofKathune.mdx;4;1;-1;-1;0;0;0;0;0;38;2115;0;0
2225;0;Creature\HalfBodyofKathune\HalfBodyofKathune.mdx;4;1;-1;-1;0;0;0;0;0;0;2116;0;0
2226;0;Creature\EyeStalkofKathune\EyeStalkofKathune.mdx;2;1;3;-1;18;12;1;0;0;0;2106;0;0
2227;0;Creature\ClawofKathune\ClawofKathune.mdx;2;1;3;-1;18;12;1;0;0;0;2117;0;0
2228;0;Creature\MouthofKathune01\MouthofKathune01.mdx;2;1;3;-1;18;12;1;0;0;0;2118;0;0
2229;0;Creature\Shark\Shark.mdx;3;1;1;-1;18;12;1;0;0;0;183;0;0
2230;0;Creature\PortalofKathune\PortalofKathune.mdx;3;1;-1;-1;0;0;0;0;0;0;2119;0;0
2231;0;Creature\NIAN\Nian.mdx;2;1;3;5;18;12;1;0;1;11;2120;0;0
2232;0;Creature\ReinDeer\ReinDeer.mdx;1;1;1;6;18;12;1;0;0;0;2121;0;0
2233;0;Creature\ReinDeer\ReinDeerMount.mdx;1;1;1;6;18;12;1;0;0;0;2122;0;0
2234;9;Creature\CryptLord\CryptLord.mdx;2;1;3;-1;18;12;1;0;0;0;2123;0;0
2236;3;Creature\KelThuzad\KelThuzad.mdx;3;1;-1;-1;18;12;1;0;0;0;2125;0;0
2237;1;Creature\Cupid\Cupid.mdx;1;1;1;-1;18;12;1;0;0;0;2126;0;0
2239;0;Creature\SPELLS\ValentinesDummy.mdx;1;1;-1;-1;18;12;1;0;0;0;2127;0;0
2240;0;Creature\SpiritofRedemption\SpiritOfRedemption.mdx;0;1;-1;-1;18;12;1;0;0;0;2128;0;0
2241;0;Creature\FrostWurm\FrostWurm.mdx;3;1;-1;5;18;12;1;0;0;0;2129;0;0
2242;0;Creature\FleshGiant\FleshGiant.mdx;3;1;2;4;18;12;1;0;0;0;2130;0;0
2243;1;Creature\GiantSpider\GiantSpider.mdx;3;1;3;-1;18;12;1;0;0;0;2131;0;0
2244;0;Creature\MadScientist\MadScientist.mdx;1;1;1;4;18;12;1;0;0;0;2132;0;0
2245;0;Creature\UndeadBeast\UndeadBeast.mdx;3;1;2;5;18;12;1;0;0;0;2133;0;0
2246;0;Creature\FungalMonster\FungalMonster.mdx;3;1;3;1;18;12;1;0;0;0;2134;0;0
2247;3;Creature\SporeCreature\SporeCreature.mdx;1;1;2;-1;18;12;1;0;0;0;2135;0;0
2251;0;Creature\QuestObjects\Creature_ScourgeCrystal.mdx;0;1;-1;-1;0;0;0;0;0;0;2136;0;0
2252;0;Creature\QuestObjects\Creature_ScourgeCrystalDamaged.mdx;0;1;-1;-1;0;0;0;0;0;0;2137;0;0
2253;0;Creature\FleshTitan\FleshTitan.mdx;1;1;1;1;18;12;1;0;0;0;2138;0;0
2254;0;Creature\MOUNTEDDEATHKNIGHT\MountedDeathKnight_Mograine.mdx;1;1;-1;-1;18;12;1;0;0;0;2139;0;0
2255;0;Creature\MOUNTEDDEATHKNIGHT\MountedDeathKnight_Blaumeux.mdx;0;1;-1;-1;0;0;0;0;0;0;2140;0;0
2256;0;Creature\MOUNTEDDEATHKNIGHT\MountedDeathKnight_Zeliek.mdx;0;1;-1;-1;0;0;0;0;0;0;2141;0;0
2257;0;Creature\MOUNTEDDEATHKNIGHT\MountedDeathKnight_Korthazz.mdx;0;1;-1;-1;0;0;0;0;0;0;2142;0;0
2258;0;Creature\Shade\ShadeWhite.mdx;0;1;-1;-1;0;0;0;0;0;0;2143;0;0
2259;0;Creature\Bear\PolarBearCub.mdx;0;1;-1;-1;18;12;1;0;0;0;2144;0;0
2260;0;Creature\Cocoon\Cocoon.mdx;1;1;-1;-1;0;0;0;0;0;0;2145;0;0
2261;0;Creature\Necromancer\Necromancer.mdx;1;1;1;1;18;12;1;0;0;0;2146;0;0
2264;0;Creature\Pig\Pig.mdx;0;1;-1;-1;18;12;1;0;0;0;66;0;0
2265;0;Creature\Turtle\Turtle.mdx;0;1;-1;-1;18;12;1;0;0;0;171;0;0
2268;0;Creature\WISP\WispRed.mdx;0;1;-1;-1;0;0;0;0;0;0;2151;0;0
2296;3;Creature\InvisibleStalker\InvisibleStalkerNoName.mdx;1;1;3;4;18;12;1;0;0;0;1608;0;0
2325;0;Creature\RidingTurtle\RidingTurtle.mdx;1;1;-1;6;18;12;1;0;0;0;2196;0;0
2326;3;Creature\GRYPHON\Gryphon.mdx;0;1;-1;-1;18;12;1;0;0;0;2197;0;0
2332;1;Creature\AllianceRider\AllianceRider.mdx;0;1;-1;-1;18;12;1;0;0;0;2201;0;0
2333;1;Creature\HordeRider\HordeRider.mdx;0;1;-1;-1;18;12;1;0;0;0;2202;0;0
2337;0;Creature\Landro\Landro.mdx;0;1;-1;1;0;0;0;0;0;0;2206;0,6111;2,031
2355;0;Creature\Tiger\Tigercub.mdx;0;1;-1;7;0;0;0,25;0;0;0;2208;0;0
2356;0;Creature\Hippogryph\HippogryphPet.mdx;0;1;-1;-1;0;0;0;0;0;0;2209;0,6111;2,031
2365;1;Creature\GRYPHON\Gryphon_Ghost.mdx;0;1;-1;-1;18;12;1;0;0;0;2230;0;0
2366;0;Creature\LadySylvanasWindrunner\LadySylvanasWindrunner.mdx;1;1;1;1;12;10;1;0;0;0;2366;0,5556;2,25
2367;0;Creature\Jaina\Jaina.mdx;1;1;1;1;12;10;1;0;0;0;2367;0,5556;2,25
2368;0;Creature\Bat\Bat.mdx;1;1;1;-1;18;12;1;0;0;0;189;0,6944;2,083
2369;3;Creature\Banshee2\Banshee2.mdx;0;1;-1;4;18;12;1;0;0;0;142;0,6944;2,083
2370;8;Creature\bear2\Bear2.mdx;1;1;1;7;18;12;1;0;0;0;83;0,6944;1,814
2371;0;Creature\CoreHound2\CoreHound2.mdx;2;1;3;1;20;14;1;0;1;11;1368;0,6944;2,083
2372;9;Creature\DragonWhelp2\DragonWhelp2.mdx;0;1;1;-1;18;12;1;0;0;0;6;0,6944;2,083
2373;0;Creature\DruidOwlbear2\DruidOwlBear2.mdx;1;1;-1;5;18;12;1;0;0;0;2095;0,75;2,361
2374;0;Creature\Dryad2\Dryad2.mdx;1;1;1;6;18;12;1;0;0;0;77;0,6944;2,083
2375;1;Creature\FaerieDragon2\FaerieDragon2.mdx;1;1;1;-1;18;12;1;0;0;0;173;0,6944;2,083
2376;0;Creature\FelGuard2\FelGuard2.mdx;1;1;3;1;22;16;1;0;0;10;488;0,6944;2,083
2377;0;Creature\Felhound2\FelHound2.mdx;0;1;3;5;16,2;10,8;1;0;0;0;138;0,6944;2,083
2378;1;Creature\Harpy2\Harpy2.mdx;1;1;1;-1;18;12;1;0;0;0;12;0,6944;2,083
2379;0;Creature\Imp2\Imp2.mdx;0;1;1;3;18;12;1;0;0;0;348;0,4722;1,528
2380;2;Creature\Infernal2\Infernal2.mdx;1;1;1;5;18;12;1;0;0;10;24;0;0
2381;0;Creature\KeeperOfTheGrove2\KeeperOfTheGrove2.mdx;1;1;1;6;18;12;1;0;0;0;25;0,6944;2,083
2382;0;Creature\Kobold2\Kobold2.mdx;0;1;1;1;18;12;1;0;0;0;26;0,6944;1,389
2383;0;Creature\Kodobeast2\KodoBeast2.mdx;3;1;1;1;18;12;1;0;1;10;27;0,6944;2,083
2384;0;Creature\Lobstrok2\Lobstrok2.mdx;2;1;1;5;18;12;1;0;0;0;170;0,6944;2,083
2385;0;Creature\Murloc2\Murloc2.mdx;1;1;1;4;18;12;1;0;0;0;31;0,6944;1,389
2386;0;Creature\Rabbit2\Rabbit2.mdx;0;1;1;7;4;3;1;0;0;0;114;0,4444;0,4444
2387;0;Creature\Rat2\Rat2.mdx;1;1;1;5;4;3;1;0;0;0;165;0,5556;0,2778
2388;0;Creature\Satyr2\Satyr2.mdx;1;1;1;3;18;12;1;0;0;0;78;0,6944;2,083
2389;2;Creature\SeaGiant2\SeaGiant2.mdx;4;1;1;4;18;12;1;0;1;11;35;0,6944;2,083
2390;0;Creature\SeaLion2\SeaLion2.mdx;1;1;1;-1;18;12;1;0;0;0;202;0,6944;2,083
2391;0;Creature\Squirrel2\Squirrel2.mdx;0;1;1;7;4;3;1;0;0;0;134;0;0
2392;10;Creature\Basilisk2\Basilisk2.mdx;1;1;1;7;18;12;1;0;0;0;1;0,6944;2,083
2393;0;Creature\DruidOwlbear2\DruidOwlBearTauren2.mdx;1;1;-1;5;18;12;1;0;0;0;2096;0,75;2,361
2394;2;Creature\Coldwraith\Coldwraith.mdx;1;1;-1;1;18;12;1;0;0;0;172;0,6944;2,083
2395;0;Creature\DoomGuard2\DoomGuard2.mdx;1;1;1;3;18;12;1;0;0;0;68;0,6944;2,083
